{
  "version": 1,
  "author": "Anonymous maker",
  "editor": "wokwi",
  "parts": [
    { "type": "wokwi-esp32-devkit-v1", "id": "esp", "top": 145.18, "left": -204.13, "attrs": {} },
    {
      "type": "wokwi-resistor",
      "id": "r1",
      "top": 321.8,
      "left": -418.65,
      "attrs": { "value": "1000" }
    },
    {
      "type": "wokwi-ntc-temperature-sensor",
      "id": "ntc1",
      "top": 34.53,
      "left": -54.21,
      "attrs": {}
    },
    {
      "type": "wokwi-led",
      "id": "led1",
      "top": 112.48,
      "left": -378.93,
      "attrs": { "color": "limegreen" }
    }
  ],
  "connections": [
    [ "esp:TX0", "$serialMonitor:RX", "", [] ],
    [ "esp:RX0", "$serialMonitor:TX", "", [] ],
    [ "ntc1:GND", "esp:GND.2", "black", [ "h193.68", "v213.74" ] ],
    [ "ntc1:VCC", "esp:VIN", "red", [ "h73.57", "v265.66", "h-388.18", "v-7.32" ] ],
    [ "ntc1:OUT", "esp:D32", "green", [ "h35.48", "v25.99", "h-389.64", "v16.11" ] ],
    [ "led1:A", "esp:D14", "green", [ "v109.74", "h152.33" ] ],
    [ "r1:2", "esp:VIN", "green", [ "v-27.03", "h158.25" ] ],
    [ "led1:C", "r1:1", "green", [ "v35.03", "h-135.02", "v136.23", "h-14.65" ] ]
  ]
}